[{"country":"USA","phone":"(206) 555-0101","extension":null,"mobile":null,"email":null,"photo":null,"notes":null,"mgrId":null,"photoPath":null,"postalCode":"10003","region":"WA","employeeId":1,"lastname":"Davis","firstname":"Sara","title":"CEO","titleOfCourtesy":"Ms.","birthDate":"1958-12-07T16:30:00.000Z","hireDate":"2002-04-30T17:00:00.000Z","address":"7890 - 20th Ave. E., Apt. 2A","city":"Seattle","employeeterritory":[{"territorydescription":"Wilton"},{"territorydescription":"Neward"}]},{"country":"USA","phone":"(206) 555-0100","extension":null,"mobile":null,"email":null,"photo":null,"notes":null,"mgrId":1,"photoPath":null,"postalCode":"10001","region":"WA","employeeId":2,"lastname":"Funk","firstname":"Don","title":"Vice President, Sales","titleOfCourtesy":"Dr.","birthDate":"1962-02-18T16:30:00.000Z","hireDate":"2002-08-13T17:00:00.000Z","address":"9012 W. Capital Way","city":"Tacoma","employeeterritory":[{"territorydescription":"Westboro"},{"territorydescription":"Bedford"},{"territorydescription":"Georgetow"},{"territorydescription":"Boston"},{"territorydescription":"Cambridge"},{"territorydescription":"Braintree"},{"territorydescription":"Louisville"}]},{"country":"USA","phone":"(206) 555-0103","extension":null,"mobile":null,"email":null,"photo":null,"notes":null,"mgrId":2,"photoPath":null,"postalCode":"10007","region":"WA","employeeId":3,"lastname":"Lew","firstname":"Judy","title":"Sales Manager","titleOfCourtesy":"Ms.","birthDate":"1973-08-29T17:00:00.000Z","hireDate":"2002-03-31T17:00:00.000Z","address":"2345 Moss Bay Blvd.","city":"Kirkland","employeeterritory":[{"territorydescription":"Atlanta"},{"territorydescription":"Savannah"},{"territorydescription":"Orlando"},{"territorydescription":"Tampa"}]},{"country":"USA","phone":"(206) 555-0104","extension":null,"mobile":null,"email":null,"photo":null,"notes":null,"mgrId":3,"photoPath":null,"postalCode":"10009","region":"WA","employeeId":4,"lastname":"Peled","firstname":"Yael","title":"Sales Representative","titleOfCourtesy":"Mrs.","birthDate":"1947-09-18T16:30:00.000Z","hireDate":"2003-05-02T17:00:00.000Z","address":"5678 Old Redmond Rd.","city":"Redmond","employeeterritory":[{"territorydescription":"Rockville"},{"territorydescription":"Greensboro"},{"territorydescription":"Cary"}]},{"country":"UK","phone":"(71) 234-5678","extension":null,"mobile":null,"email":null,"photo":null,"notes":null,"mgrId":2,"photoPath":null,"postalCode":"10004","region":null,"employeeId":5,"lastname":"Buck","firstname":"Sven","title":"Sales Manager","titleOfCourtesy":"Mr.","birthDate":"1965-03-03T17:00:00.000Z","hireDate":"2003-10-16T17:00:00.000Z","address":"8901 Garrett Hill","city":"London","employeeterritory":[{"territorydescription":"Providence"},{"territorydescription":"Morristown"},{"territorydescription":"Edison"},{"territorydescription":"New York"},{"territorydescription":"New York"},{"territorydescription":"Mellvile"},{"territorydescription":"Fairport"}]},{"country":"UK","phone":"(71) 345-6789","extension":null,"mobile":null,"email":null,"photo":null,"notes":null,"mgrId":5,"photoPath":null,"postalCode":"10005","region":null,"employeeId":6,"lastname":"Suurs","firstname":"Paul","title":"Sales Representative","titleOfCourtesy":"Mr.","birthDate":"1973-07-01T17:00:00.000Z","hireDate":"2003-10-16T17:00:00.000Z","address":"3456 Coventry House, Miner Rd.","city":"London","employeeterritory":[{"territorydescription":"Phoenix"},{"territorydescription":"Scottsdale"},{"territorydescription":"Bellevue"},{"territorydescription":"Redmond"},{"territorydescription":"Seattle"}]},{"country":"UK","phone":"(71) 123-4567","extension":null,"mobile":null,"email":null,"photo":null,"notes":null,"mgrId":5,"photoPath":null,"postalCode":"10002","region":null,"employeeId":7,"lastname":"King","firstname":"Russell","title":"Sales Representative","titleOfCourtesy":"Mr.","birthDate":"1970-05-28T17:00:00.000Z","hireDate":"2004-01-01T17:00:00.000Z","address":"6789 Edgeham Hollow, Winchester Way","city":"London","employeeterritory":[{"territorydescription":"Hoffman Estates"},{"territorydescription":"Chicago"},{"territorydescription":"Denver"},{"territorydescription":"Colorado Springs"},{"territorydescription":"Santa Monica"},{"territorydescription":"Menlo Park"},{"territorydescription":"San Francisco"},{"territorydescription":"Campbell"},{"territorydescription":"Santa Clara"},{"territorydescription":"Santa Cruz"}]},{"country":"USA","phone":"(206) 555-0102","extension":null,"mobile":null,"email":null,"photo":null,"notes":null,"mgrId":3,"photoPath":null,"postalCode":"10006","region":"WA","employeeId":8,"lastname":"Cameron","firstname":"Maria","title":"Sales Representative","titleOfCourtesy":"Ms.","birthDate":"1968-01-08T17:00:00.000Z","hireDate":"2004-03-04T17:00:00.000Z","address":"4567 - 11th Ave. N.E.","city":"Seattle","employeeterritory":[{"territorydescription":"Philadelphia"},{"territorydescription":"Beachwood"},{"territorydescription":"Findlay"},{"territorydescription":"Racine"}]},{"country":"UK","phone":"(71) 456-7890","extension":null,"mobile":null,"email":null,"photo":null,"notes":null,"mgrId":5,"photoPath":null,"postalCode":"10008","region":null,"employeeId":9,"lastname":"Dolgopyatova","firstname":"Zoya","title":"Sales Representative","titleOfCourtesy":"Ms.","birthDate":"1976-01-26T17:00:00.000Z","hireDate":"2004-11-14T17:00:00.000Z","address":"1234 Houndstooth Rd.","city":"London","employeeterritory":[{"territorydescription":"Hollis"},{"territorydescription":"Portsmouth"},{"territorydescription":"Southfield"},{"territorydescription":"Troy"},{"territorydescription":"Bloomfield Hills"},{"territorydescription":"Roseville"},{"territorydescription":"Minneapolis"}]}]