[{"HomePage":null,"fax":null,"email":null,"phone":"(171) 456-7890","country":"UK","postalCode":"10023","region":null,"city":"London","address":"2345 Gilbert St.","contactTitle":"Purchasing Manager","contactName":"Adolphi, Stephan","companyName":"Supplier SWRXU","supplierId":1,"product":[{"discontinued":"0","reorderLevel":null,"unitsOnOrder":null,"unitsInStock":null,"unitPrice":18,"quantityPerUnit":null,"productName":"Product HHYDP","productId":1,"categoryName":"Beverages","description":"Soft drinks, coffees, teas, beers, and ales","picture":null},{"discontinued":"0","reorderLevel":null,"unitsOnOrder":null,"unitsInStock":null,"unitPrice":19,"quantityPerUnit":null,"productName":"Product RECZE","productId":2,"categoryName":"Beverages","description":"Soft drinks, coffees, teas, beers, and ales","picture":null},{"discontinued":"0","reorderLevel":null,"unitsOnOrder":null,"unitsInStock":null,"unitPrice":10,"quantityPerUnit":null,"productName":"Product IMEHJ","productId":3,"categoryName":"Condiments","description":"Sweet and savory sauces, relishes, spreads, and seasonings","picture":null}]},{"HomePage":null,"fax":null,"email":null,"phone":"(100) 555-0111","country":"USA","postalCode":"10013","region":"LA","city":"New Orleans","address":"P.O. Box 5678","contactTitle":"Order Administrator","contactName":"Hance, Jim","companyName":"Supplier VHQZD","supplierId":2,"product":[{"discontinued":"0","reorderLevel":null,"unitsOnOrder":null,"unitsInStock":null,"unitPrice":22,"quantityPerUnit":null,"productName":"Product KSBRM","productId":4,"categoryName":"Condiments","description":"Sweet and savory sauces, relishes, spreads, and seasonings","picture":null},{"discontinued":"1","reorderLevel":null,"unitsOnOrder":null,"unitsInStock":null,"unitPrice":21.35,"quantityPerUnit":null,"productName":"Product EPEIM","productId":5,"categoryName":"Condiments","description":"Sweet and savory sauces, relishes, spreads, and seasonings","picture":null},{"discontinued":"0","reorderLevel":null,"unitsOnOrder":null,"unitsInStock":null,"unitPrice":21.05,"quantityPerUnit":null,"productName":"Product XYWBZ","productId":65,"categoryName":"Condiments","description":"Sweet and savory sauces, relishes, spreads, and seasonings","picture":null},{"discontinued":"0","reorderLevel":null,"unitsOnOrder":null,"unitsInStock":null,"unitPrice":17,"quantityPerUnit":null,"productName":"Product LQMGN","productId":66,"categoryName":"Condiments","description":"Sweet and savory sauces, relishes, spreads, and seasonings","picture":null}]},{"HomePage":null,"fax":"(313) 555-0112","email":null,"phone":"(313) 555-0109","country":"USA","postalCode":"10026","region":"MI","city":"Ann Arbor","address":"1234 Oxford Rd.","contactTitle":"Sales Representative","contactName":"Parovszky, Alfons","companyName":"Supplier STUAZ","supplierId":3,"product":[{"discontinued":"0","reorderLevel":null,"unitsOnOrder":null,"unitsInStock":null,"unitPrice":25,"quantityPerUnit":null,"productName":"Product VAIIV","productId":6,"categoryName":"Condiments","description":"Sweet and savory sauces, relishes, spreads, and seasonings","picture":null},{"discontinued":"0","reorderLevel":null,"unitsOnOrder":null,"unitsInStock":null,"unitPrice":30,"quantityPerUnit":null,"productName":"Product HMLNI","productId":7,"categoryName":"Produce","description":"Dried fruit and bean curd","picture":null},{"discontinued":"0","reorderLevel":null,"unitsOnOrder":null,"unitsInStock":null,"unitPrice":40,"quantityPerUnit":null,"productName":"Product WVJFP","productId":8,"categoryName":"Condiments","description":"Sweet and savory sauces, relishes, spreads, and seasonings","picture":null}]},{"HomePage":null,"fax":null,"email":null,"phone":"(03) 6789-0123","country":"Japan","postalCode":"10011","region":null,"city":"Tokyo","address":"7890 Sekimai Musashino-shi","contactTitle":"Marketing Manager","contactName":"Balázs, Erzsébet","companyName":"Supplier QOVFD","supplierId":4,"product":[{"discontinued":"1","reorderLevel":null,"unitsOnOrder":null,"unitsInStock":null,"unitPrice":97,"quantityPerUnit":null,"productName":"Product AOZBW","productId":9,"categoryName":"Meat/Poultry","description":"Prepared meats","picture":null},{"discontinued":"0","reorderLevel":null,"unitsOnOrder":null,"unitsInStock":null,"unitPrice":31,"quantityPerUnit":null,"productName":"Product YHXGE","productId":10,"categoryName":"Seafood","description":"Seaweed and fish","picture":null},{"discontinued":"0","reorderLevel":null,"unitsOnOrder":null,"unitsInStock":null,"unitPrice":10,"quantityPerUnit":null,"productName":"Product BKAZJ","productId":74,"categoryName":"Produce","description":"Dried fruit and bean curd","picture":null}]},{"HomePage":null,"fax":null,"email":null,"phone":"(98) 123 45 67","country":"Spain","postalCode":"10029","region":"Asturias","city":"Oviedo","address":"Calle del Rosal 4567","contactTitle":"Export Administrator","contactName":"Holm, Michael","companyName":"Supplier EQPNC","supplierId":5,"product":[{"discontinued":"0","reorderLevel":null,"unitsOnOrder":null,"unitsInStock":null,"unitPrice":21,"quantityPerUnit":null,"productName":"Product QMVUN","productId":11,"categoryName":"Dairy Products","description":"Cheeses","picture":null},{"discontinued":"0","reorderLevel":null,"unitsOnOrder":null,"unitsInStock":null,"unitPrice":38,"quantityPerUnit":null,"productName":"Product OSFNS","productId":12,"categoryName":"Dairy Products","description":"Cheeses","picture":null}]},{"HomePage":null,"fax":null,"email":null,"phone":"(06) 789-0123","country":"Japan","postalCode":"10028","region":null,"city":"Osaka","address":"8901 Setsuko Chuo-ku","contactTitle":"Marketing Representative","contactName":"Popkova, Darya","companyName":"Supplier QWUSF","supplierId":6,"product":[{"discontinued":"0","reorderLevel":null,"unitsOnOrder":null,"unitsInStock":null,"unitPrice":6,"quantityPerUnit":null,"productName":"Product POXFU","productId":13,"categoryName":"Seafood","description":"Seaweed and fish","picture":null},{"discontinued":"0","reorderLevel":null,"unitsOnOrder":null,"unitsInStock":null,"unitPrice":23.25,"quantityPerUnit":null,"productName":"Product PWCJB","productId":14,"categoryName":"Produce","description":"Dried fruit and bean curd","picture":null},{"discontinued":"0","reorderLevel":null,"unitsOnOrder":null,"unitsInStock":null,"unitPrice":15.5,"quantityPerUnit":null,"productName":"Product KSZOI","productId":15,"categoryName":"Condiments","description":"Sweet and savory sauces, relishes, spreads, and seasonings","picture":null}]},{"HomePage":null,"fax":"(03) 456-7890","email":null,"phone":"(03) 123-4567","country":"Australia","postalCode":"10018","region":"Victoria","city":"Melbourne","address":"5678 Rose St. Moonie Ponds","contactTitle":"Marketing Manager","contactName":"Ræbild, Jesper","companyName":"Supplier GQRCV","supplierId":7,"product":[{"discontinued":"0","reorderLevel":null,"unitsOnOrder":null,"unitsInStock":null,"unitPrice":17.45,"quantityPerUnit":null,"productName":"Product PAFRH","productId":16,"categoryName":"Confections","description":"Desserts, candies, and sweet breads","picture":null},{"discontinued":"1","reorderLevel":null,"unitsOnOrder":null,"unitsInStock":null,"unitPrice":39,"quantityPerUnit":null,"productName":"Product BLCAX","productId":17,"categoryName":"Meat/Poultry","description":"Prepared meats","picture":null},{"discontinued":"0","reorderLevel":null,"unitsOnOrder":null,"unitsInStock":null,"unitPrice":62.5,"quantityPerUnit":null,"productName":"Product CKEDC","productId":18,"categoryName":"Seafood","description":"Seaweed and fish","picture":null},{"discontinued":"0","reorderLevel":null,"unitsOnOrder":null,"unitsInStock":null,"unitPrice":43.9,"quantityPerUnit":null,"productName":"Product ICKNK","productId":63,"categoryName":"Condiments","description":"Sweet and savory sauces, relishes, spreads, and seasonings","picture":null},{"discontinued":"0","reorderLevel":null,"unitsOnOrder":null,"unitsInStock":null,"unitPrice":15,"quantityPerUnit":null,"productName":"Product TOONT","productId":70,"categoryName":"Beverages","description":"Soft drinks, coffees, teas, beers, and ales","picture":null}]},{"HomePage":null,"fax":null,"email":null,"phone":"(161) 567-8901","country":"UK","postalCode":"10021","region":null,"city":"Manchester","address":"9012 King's Way","contactTitle":"Sales Representative","contactName":"Iallo, Lucio","companyName":"Supplier BWGYE","supplierId":8,"product":[{"discontinued":"0","reorderLevel":null,"unitsOnOrder":null,"unitsInStock":null,"unitPrice":9.2,"quantityPerUnit":null,"productName":"Product XKXDO","productId":19,"categoryName":"Confections","description":"Desserts, candies, and sweet breads","picture":null},{"discontinued":"0","reorderLevel":null,"unitsOnOrder":null,"unitsInStock":null,"unitPrice":81,"quantityPerUnit":null,"productName":"Product QHFFP","productId":20,"categoryName":"Confections","description":"Desserts, candies, and sweet breads","picture":null},{"discontinued":"0","reorderLevel":null,"unitsOnOrder":null,"unitsInStock":null,"unitPrice":10,"quantityPerUnit":null,"productName":"Product VJZZH","productId":21,"categoryName":"Confections","description":"Desserts, candies, and sweet breads","picture":null},{"discontinued":"0","reorderLevel":null,"unitsOnOrder":null,"unitsInStock":null,"unitPrice":12.5,"quantityPerUnit":null,"productName":"Product TBTBL","productId":68,"categoryName":"Confections","description":"Desserts, candies, and sweet breads","picture":null}]},{"HomePage":null,"fax":"031-678 90 12","email":null,"phone":"031-345 67 89","country":"Sweden","postalCode":"10022","region":null,"city":"Göteborg","address":"Kaloadagatan 4567","contactTitle":"Sales Agent","contactName":"Basalik, Evan","companyName":"Supplier QQYEU","supplierId":9,"product":[{"discontinued":"0","reorderLevel":null,"unitsOnOrder":null,"unitsInStock":null,"unitPrice":21,"quantityPerUnit":null,"productName":"Product CPHFY","productId":22,"categoryName":"Grains/Cereals","description":"Breads, crackers, pasta, and cereal","picture":null},{"discontinued":"0","reorderLevel":null,"unitsOnOrder":null,"unitsInStock":null,"unitPrice":9,"quantityPerUnit":null,"productName":"Product JLUDZ","productId":23,"categoryName":"Grains/Cereals","description":"Breads, crackers, pasta, and cereal","picture":null}]},{"HomePage":null,"fax":null,"email":null,"phone":"(11) 345 6789","country":"Brazil","postalCode":"10034","region":null,"city":"Sao Paulo","address":"Av. das Americanas 2345","contactTitle":"Marketing Manager","contactName":"Barnett, Dave","companyName":"Supplier UNAHG","supplierId":10,"product":[{"discontinued":"1","reorderLevel":null,"unitsOnOrder":null,"unitsInStock":null,"unitPrice":4.5,"quantityPerUnit":null,"productName":"Product QOGNU","productId":24,"categoryName":"Beverages","description":"Soft drinks, coffees, teas, beers, and ales","picture":null}]},{"HomePage":null,"fax":null,"email":null,"phone":"(010) 3456789","country":"Germany","postalCode":"10016","region":null,"city":"Berlin","address":"Tiergartenstraße 3456","contactTitle":"Sales Manager","contactName":"Jain, Mukesh","companyName":"Supplier ZPYVS","supplierId":11,"product":[{"discontinued":"0","reorderLevel":null,"unitsOnOrder":null,"unitsInStock":null,"unitPrice":14,"quantityPerUnit":null,"productName":"Product LYLNI","productId":25,"categoryName":"Confections","description":"Desserts, candies, and sweet breads","picture":null},{"discontinued":"0","reorderLevel":null,"unitsOnOrder":null,"unitsInStock":null,"unitPrice":31.23,"quantityPerUnit":null,"productName":"Product HLGZA","productId":26,"categoryName":"Confections","description":"Desserts, candies, and sweet breads","picture":null},{"discontinued":"0","reorderLevel":null,"unitsOnOrder":null,"unitsInStock":null,"unitPrice":43.9,"quantityPerUnit":null,"productName":"Product SMIOH","productId":27,"categoryName":"Confections","description":"Desserts, candies, and sweet breads","picture":null}]},{"HomePage":null,"fax":null,"email":null,"phone":"(069) 234567","country":"Germany","postalCode":"10024","region":null,"city":"Frankfurt","address":"Bogenallee 9012","contactTitle":"International Marketing Mgr.","contactName":"Regev, Barak","companyName":"Supplier SVIYA","supplierId":12,"product":[{"discontinued":"1","reorderLevel":null,"unitsOnOrder":null,"unitsInStock":null,"unitPrice":45.6,"quantityPerUnit":null,"productName":"Product OFBNT","productId":28,"categoryName":"Produce","description":"Dried fruit and bean curd","picture":null},{"discontinued":"1","reorderLevel":null,"unitsOnOrder":null,"unitsInStock":null,"unitPrice":123.79,"quantityPerUnit":null,"productName":"Product VJXYN","productId":29,"categoryName":"Meat/Poultry","description":"Prepared meats","picture":null},{"discontinued":"0","reorderLevel":null,"unitsOnOrder":null,"unitsInStock":null,"unitPrice":33.25,"quantityPerUnit":null,"productName":"Product HCQDE","productId":64,"categoryName":"Grains/Cereals","description":"Breads, crackers, pasta, and cereal","picture":null},{"discontinued":"0","reorderLevel":null,"unitsOnOrder":null,"unitsInStock":null,"unitPrice":7.75,"quantityPerUnit":null,"productName":"Product BWRLG","productId":75,"categoryName":"Beverages","description":"Soft drinks, coffees, teas, beers, and ales","picture":null},{"discontinued":"0","reorderLevel":null,"unitsOnOrder":null,"unitsInStock":null,"unitPrice":13,"quantityPerUnit":null,"productName":"Product LUNZZ","productId":77,"categoryName":"Condiments","description":"Sweet and savory sauces, relishes, spreads, and seasonings","picture":null}]},{"HomePage":null,"fax":"(04721) 2345","email":null,"phone":"(04721) 1234","country":"Germany","postalCode":"10019","region":null,"city":"Cuxhaven","address":"Frahmredder 3456","contactTitle":"Coordinator Foreign Markets","contactName":"Brehm, Peter","companyName":"Supplier TEGSC","supplierId":13,"product":[{"discontinued":"0","reorderLevel":null,"unitsOnOrder":null,"unitsInStock":null,"unitPrice":25.89,"quantityPerUnit":null,"productName":"Product LYERX","productId":30,"categoryName":"Seafood","description":"Seaweed and fish","picture":null}]},{"HomePage":null,"fax":"(0544) 34567","email":null,"phone":"(0544) 56789","country":"Italy","postalCode":"10015","region":null,"city":"Ravenna","address":"Viale Dante, 6789","contactTitle":"Sales Representative","contactName":"Keil, Kendall","companyName":"Supplier KEREV","supplierId":14,"product":[{"discontinued":"0","reorderLevel":null,"unitsOnOrder":null,"unitsInStock":null,"unitPrice":12.5,"quantityPerUnit":null,"productName":"Product XWOXC","productId":31,"categoryName":"Dairy Products","description":"Cheeses","picture":null},{"discontinued":"0","reorderLevel":null,"unitsOnOrder":null,"unitsInStock":null,"unitPrice":32,"quantityPerUnit":null,"productName":"Product NUNAW","productId":32,"categoryName":"Dairy Products","description":"Cheeses","picture":null},{"discontinued":"0","reorderLevel":null,"unitsOnOrder":null,"unitsInStock":null,"unitPrice":34.8,"quantityPerUnit":null,"productName":"Product GEEOO","productId":72,"categoryName":"Dairy Products","description":"Cheeses","picture":null}]},{"HomePage":null,"fax":null,"email":null,"phone":"(0)9-012345","country":"Norway","postalCode":"10025","region":null,"city":"Sandvika","address":"Hatlevegen 1234","contactTitle":"Marketing Manager","contactName":"Sałas-Szlejter, Karolina","companyName":"Supplier NZLIF","supplierId":15,"product":[{"discontinued":"0","reorderLevel":null,"unitsOnOrder":null,"unitsInStock":null,"unitPrice":2.5,"quantityPerUnit":null,"productName":"Product ASTMN","productId":33,"categoryName":"Dairy Products","description":"Cheeses","picture":null},{"discontinued":"0","reorderLevel":null,"unitsOnOrder":null,"unitsInStock":null,"unitPrice":36,"quantityPerUnit":null,"productName":"Product COAXA","productId":69,"categoryName":"Dairy Products","description":"Cheeses","picture":null},{"discontinued":"0","reorderLevel":null,"unitsOnOrder":null,"unitsInStock":null,"unitPrice":21.5,"quantityPerUnit":null,"productName":"Product MYMOI","productId":71,"categoryName":"Dairy Products","description":"Cheeses","picture":null}]},{"HomePage":null,"fax":null,"email":null,"phone":"(503) 555-0108","country":"USA","postalCode":"10035","region":"OR","city":"Bend","address":"8901 - 8th Avenue Suite 210","contactTitle":"Regional Account Rep.","contactName":"Scholl, Thorsten","companyName":"Supplier UHZRG","supplierId":16,"product":[{"discontinued":"0","reorderLevel":null,"unitsOnOrder":null,"unitsInStock":null,"unitPrice":14,"quantityPerUnit":null,"productName":"Product SWNJY","productId":34,"categoryName":"Beverages","description":"Soft drinks, coffees, teas, beers, and ales","picture":null},{"discontinued":"0","reorderLevel":null,"unitsOnOrder":null,"unitsInStock":null,"unitPrice":18,"quantityPerUnit":null,"productName":"Product NEVTJ","productId":35,"categoryName":"Beverages","description":"Soft drinks, coffees, teas, beers, and ales","picture":null},{"discontinued":"0","reorderLevel":null,"unitsOnOrder":null,"unitsInStock":null,"unitPrice":14,"quantityPerUnit":null,"productName":"Product XLXQF","productId":67,"categoryName":"Beverages","description":"Soft drinks, coffees, teas, beers, and ales","picture":null}]},{"HomePage":null,"fax":null,"email":null,"phone":"08-234 56 78","country":"Sweden","postalCode":"10033","region":null,"city":"Stockholm","address":"Brovallavägen 0123","contactTitle":"Sales Representative","contactName":"Kleinerman, Christian","companyName":"Supplier QZGUF","supplierId":17,"product":[{"discontinued":"0","reorderLevel":null,"unitsOnOrder":null,"unitsInStock":null,"unitPrice":19,"quantityPerUnit":null,"productName":"Product GMKIJ","productId":36,"categoryName":"Seafood","description":"Seaweed and fish","picture":null},{"discontinued":"0","reorderLevel":null,"unitsOnOrder":null,"unitsInStock":null,"unitPrice":26,"quantityPerUnit":null,"productName":"Product EVFFA","productId":37,"categoryName":"Seafood","description":"Seaweed and fish","picture":null},{"discontinued":"0","reorderLevel":null,"unitsOnOrder":null,"unitsInStock":null,"unitPrice":15,"quantityPerUnit":null,"productName":"Product WEUJZ","productId":73,"categoryName":"Seafood","description":"Seaweed and fish","picture":null}]},{"HomePage":null,"fax":"(1) 01.23.45.67","email":null,"phone":"(1) 90.12.34.56","country":"France","postalCode":"10031","region":null,"city":"Paris","address":"3456, Rue des Francs-Bourgeois","contactTitle":"Sales Manager","contactName":"Canel, Fabrice","companyName":"Supplier LVJUA","supplierId":18,"product":[{"discontinued":"0","reorderLevel":null,"unitsOnOrder":null,"unitsInStock":null,"unitPrice":263.5,"quantityPerUnit":null,"productName":"Product QDOMO","productId":38,"categoryName":"Beverages","description":"Soft drinks, coffees, teas, beers, and ales","picture":null},{"discontinued":"0","reorderLevel":null,"unitsOnOrder":null,"unitsInStock":null,"unitPrice":18,"quantityPerUnit":null,"productName":"Product LSOFL","productId":39,"categoryName":"Beverages","description":"Soft drinks, coffees, teas, beers, and ales","picture":null}]},{"HomePage":null,"fax":"(617) 555-0113","email":null,"phone":"(617) 555-0110","country":"USA","postalCode":"10027","region":"MA","city":"Boston","address":"Order Processing Dept. 7890 Paul Revere Blvd.","contactTitle":"Wholesale Account Agent","contactName":"Chapman, Greg","companyName":"Supplier JDNUG","supplierId":19,"product":[{"discontinued":"0","reorderLevel":null,"unitsOnOrder":null,"unitsInStock":null,"unitPrice":18.4,"quantityPerUnit":null,"productName":"Product YZIXQ","productId":40,"categoryName":"Seafood","description":"Seaweed and fish","picture":null},{"discontinued":"0","reorderLevel":null,"unitsOnOrder":null,"unitsInStock":null,"unitPrice":9.65,"quantityPerUnit":null,"productName":"Product TTEEX","productId":41,"categoryName":"Seafood","description":"Seaweed and fish","picture":null}]},{"HomePage":null,"fax":null,"email":null,"phone":"012-3456","country":"Singapore","postalCode":"10037","region":null,"city":"Singapore","address":"6789 Serangoon Loop, Suite #402","contactTitle":"Owner","contactName":"Köszegi, Emília","companyName":"Supplier CIYNM","supplierId":20,"product":[{"discontinued":"1","reorderLevel":null,"unitsOnOrder":null,"unitsInStock":null,"unitPrice":14,"quantityPerUnit":null,"productName":"Product RJVNM","productId":42,"categoryName":"Grains/Cereals","description":"Breads, crackers, pasta, and cereal","picture":null},{"discontinued":"0","reorderLevel":null,"unitsOnOrder":null,"unitsInStock":null,"unitPrice":46,"quantityPerUnit":null,"productName":"Product ZZZHR","productId":43,"categoryName":"Beverages","description":"Soft drinks, coffees, teas, beers, and ales","picture":null},{"discontinued":"0","reorderLevel":null,"unitsOnOrder":null,"unitsInStock":null,"unitPrice":19.45,"quantityPerUnit":null,"productName":"Product VJIEO","productId":44,"categoryName":"Condiments","description":"Sweet and savory sauces, relishes, spreads, and seasonings","picture":null}]},{"HomePage":null,"fax":"78901234","email":null,"phone":"67890123","country":"Denmark","postalCode":"10012","region":null,"city":"Lyngby","address":"Lyngbysild Fiskebakken 9012","contactTitle":"Sales Manager","contactName":"Shakespear, Paul","companyName":"Supplier XOXZA","supplierId":21,"product":[{"discontinued":"0","reorderLevel":null,"unitsOnOrder":null,"unitsInStock":null,"unitPrice":9.5,"quantityPerUnit":null,"productName":"Product AQOKR","productId":45,"categoryName":"Seafood","description":"Seaweed and fish","picture":null},{"discontinued":"0","reorderLevel":null,"unitsOnOrder":null,"unitsInStock":null,"unitPrice":12,"quantityPerUnit":null,"productName":"Product CBRRL","productId":46,"categoryName":"Seafood","description":"Seaweed and fish","picture":null}]},{"HomePage":null,"fax":"(12345) 5678","email":null,"phone":"(12345) 8901","country":"Netherlands","postalCode":"10014","region":null,"city":"Zaandam","address":"Verkoop Rijnweg 8901","contactTitle":"Accounting Manager","contactName":"Skelly, Bonnie L.","companyName":"Supplier FNUXM","supplierId":22,"product":[{"discontinued":"0","reorderLevel":null,"unitsOnOrder":null,"unitsInStock":null,"unitPrice":9.5,"quantityPerUnit":null,"productName":"Product EZZPR","productId":47,"categoryName":"Confections","description":"Desserts, candies, and sweet breads","picture":null},{"discontinued":"0","reorderLevel":null,"unitsOnOrder":null,"unitsInStock":null,"unitPrice":12.75,"quantityPerUnit":null,"productName":"Product MYNXN","productId":48,"categoryName":"Confections","description":"Desserts, candies, and sweet breads","picture":null}]},{"HomePage":null,"fax":null,"email":null,"phone":"(953) 78901","country":"Finland","postalCode":"10032","region":null,"city":"Lappeenranta","address":"Valtakatu 1234","contactTitle":"Product Manager","contactName":"LaMee, Brian","companyName":"Supplier ELCRN","supplierId":23,"product":[{"discontinued":"0","reorderLevel":null,"unitsOnOrder":null,"unitsInStock":null,"unitPrice":20,"quantityPerUnit":null,"productName":"Product FPYPN","productId":49,"categoryName":"Confections","description":"Desserts, candies, and sweet breads","picture":null},{"discontinued":"0","reorderLevel":null,"unitsOnOrder":null,"unitsInStock":null,"unitPrice":16.25,"quantityPerUnit":null,"productName":"Product BIUDV","productId":50,"categoryName":"Confections","description":"Desserts, candies, and sweet breads","picture":null},{"discontinued":"0","reorderLevel":null,"unitsOnOrder":null,"unitsInStock":null,"unitPrice":18,"quantityPerUnit":null,"productName":"Product JYGFE","productId":76,"categoryName":"Beverages","description":"Soft drinks, coffees, teas, beers, and ales","picture":null}]},{"HomePage":null,"fax":"(02) 567-8901","email":null,"phone":"(02) 234-5678","country":"Australia","postalCode":"10030","region":"NSW","city":"Sydney","address":"6789 Prince Edward Parade Hunter's Hill","contactTitle":"Sales Representative","contactName":"Clark, Molly","companyName":"Supplier JNNES","supplierId":24,"product":[{"discontinued":"0","reorderLevel":null,"unitsOnOrder":null,"unitsInStock":null,"unitPrice":53,"quantityPerUnit":null,"productName":"Product APITJ","productId":51,"categoryName":"Produce","description":"Dried fruit and bean curd","picture":null},{"discontinued":"0","reorderLevel":null,"unitsOnOrder":null,"unitsInStock":null,"unitPrice":7,"quantityPerUnit":null,"productName":"Product QSRXF","productId":52,"categoryName":"Grains/Cereals","description":"Breads, crackers, pasta, and cereal","picture":null},{"discontinued":"1","reorderLevel":null,"unitsOnOrder":null,"unitsInStock":null,"unitPrice":32.8,"quantityPerUnit":null,"productName":"Product BKGEA","productId":53,"categoryName":"Meat/Poultry","description":"Prepared meats","picture":null}]},{"HomePage":null,"fax":null,"email":null,"phone":"(514) 456-7890","country":"Canada","postalCode":"10017","region":"Québec","city":"Montréal","address":"7890 Rue St. Laurent","contactTitle":"Marketing Manager","contactName":"Sprenger, Christof","companyName":"Supplier ERVYZ","supplierId":25,"product":[{"discontinued":"0","reorderLevel":null,"unitsOnOrder":null,"unitsInStock":null,"unitPrice":7.45,"quantityPerUnit":null,"productName":"Product QAQRL","productId":54,"categoryName":"Meat/Poultry","description":"Prepared meats","picture":null},{"discontinued":"0","reorderLevel":null,"unitsOnOrder":null,"unitsInStock":null,"unitPrice":24,"quantityPerUnit":null,"productName":"Product YYWRT","productId":55,"categoryName":"Meat/Poultry","description":"Prepared meats","picture":null}]},{"HomePage":null,"fax":"(089) 4567890","email":null,"phone":"(089) 4567890","country":"Italy","postalCode":"10020","region":null,"city":"Salerno","address":"Via dei Gelsomini, 5678","contactTitle":"Order Administrator","contactName":"Cunha, Gonçalo","companyName":"Supplier ZWZDM","supplierId":26,"product":[{"discontinued":"0","reorderLevel":null,"unitsOnOrder":null,"unitsInStock":null,"unitPrice":38,"quantityPerUnit":null,"productName":"Product VKCMF","productId":56,"categoryName":"Grains/Cereals","description":"Breads, crackers, pasta, and cereal","picture":null},{"discontinued":"0","reorderLevel":null,"unitsOnOrder":null,"unitsInStock":null,"unitPrice":19.5,"quantityPerUnit":null,"productName":"Product OVLQI","productId":57,"categoryName":"Grains/Cereals","description":"Breads, crackers, pasta, and cereal","picture":null}]},{"HomePage":null,"fax":null,"email":null,"phone":"89.01.23.45","country":"France","postalCode":"10036","region":null,"city":"Montceau","address":"4567, rue H. Voiron","contactTitle":"Sales Manager","contactName":"Leoni, Alessandro","companyName":"Supplier ZRYDZ","supplierId":27,"product":[{"discontinued":"0","reorderLevel":null,"unitsOnOrder":null,"unitsInStock":null,"unitPrice":13.25,"quantityPerUnit":null,"productName":"Product ACRVI","productId":58,"categoryName":"Seafood","description":"Seaweed and fish","picture":null}]},{"HomePage":null,"fax":"89.01.23.45","email":null,"phone":"01.23.45.67","country":"France","postalCode":"10010","region":null,"city":"Annecy","address":"Bat. B 2345, rue des Alpes","contactTitle":"Sales Representative","contactName":"Teper, Jeff","companyName":"Supplier OAVQT","supplierId":28,"product":[{"discontinued":"0","reorderLevel":null,"unitsOnOrder":null,"unitsInStock":null,"unitPrice":55,"quantityPerUnit":null,"productName":"Product UKXRI","productId":59,"categoryName":"Dairy Products","description":"Cheeses","picture":null},{"discontinued":"0","reorderLevel":null,"unitsOnOrder":null,"unitsInStock":null,"unitPrice":34,"quantityPerUnit":null,"productName":"Product WHBYK","productId":60,"categoryName":"Dairy Products","description":"Cheeses","picture":null}]},{"HomePage":null,"fax":"(514) 678-9012","email":null,"phone":"(514) 567-890","country":"Canada","postalCode":"10009","region":"Québec","city":"Ste-Hyacinthe","address":"0123 rue Chasseur","contactTitle":"Accounting Manager","contactName":"Walters, Rob","companyName":"Supplier OGLRK","supplierId":29,"product":[{"discontinued":"0","reorderLevel":null,"unitsOnOrder":null,"unitsInStock":null,"unitPrice":28.5,"quantityPerUnit":null,"productName":"Product XYZPE","productId":61,"categoryName":"Condiments","description":"Sweet and savory sauces, relishes, spreads, and seasonings","picture":null},{"discontinued":"0","reorderLevel":null,"unitsOnOrder":null,"unitsInStock":null,"unitPrice":49.3,"quantityPerUnit":null,"productName":"Product WUXYK","productId":62,"categoryName":"Confections","description":"Desserts, candies, and sweet breads","picture":null}]}]