[{"regiondescription":"Eastern","regionId":1,"territory":[{"territoryId":"01581","territorydescription":"Westboro","employeeterritory":[{"country":"USA","phone":"(206) 555-0100","extension":null,"mobile":null,"email":null,"photo":null,"notes":null,"mgrId":1,"photoPath":null,"postalCode":"10001","region":"WA","lastname":"Funk","firstname":"Don","title":"Vice President, Sales","titleOfCourtesy":"Dr.","birthDate":"1962-02-18T16:30:00.000Z","hireDate":"2002-08-13T17:00:00.000Z","address":"9012 W. Capital Way","city":"Tacoma"}]},{"territoryId":"01730","territorydescription":"Bedford","employeeterritory":[{"country":"USA","phone":"(206) 555-0100","extension":null,"mobile":null,"email":null,"photo":null,"notes":null,"mgrId":1,"photoPath":null,"postalCode":"10001","region":"WA","lastname":"Funk","firstname":"Don","title":"Vice President, Sales","titleOfCourtesy":"Dr.","birthDate":"1962-02-18T16:30:00.000Z","hireDate":"2002-08-13T17:00:00.000Z","address":"9012 W. Capital Way","city":"Tacoma"}]},{"territoryId":"01833","territorydescription":"Georgetow","employeeterritory":[{"country":"USA","phone":"(206) 555-0100","extension":null,"mobile":null,"email":null,"photo":null,"notes":null,"mgrId":1,"photoPath":null,"postalCode":"10001","region":"WA","lastname":"Funk","firstname":"Don","title":"Vice President, Sales","titleOfCourtesy":"Dr.","birthDate":"1962-02-18T16:30:00.000Z","hireDate":"2002-08-13T17:00:00.000Z","address":"9012 W. Capital Way","city":"Tacoma"}]},{"territoryId":"02116","territorydescription":"Boston","employeeterritory":[{"country":"USA","phone":"(206) 555-0100","extension":null,"mobile":null,"email":null,"photo":null,"notes":null,"mgrId":1,"photoPath":null,"postalCode":"10001","region":"WA","lastname":"Funk","firstname":"Don","title":"Vice President, Sales","titleOfCourtesy":"Dr.","birthDate":"1962-02-18T16:30:00.000Z","hireDate":"2002-08-13T17:00:00.000Z","address":"9012 W. Capital Way","city":"Tacoma"}]},{"territoryId":"02139","territorydescription":"Cambridge","employeeterritory":[{"country":"USA","phone":"(206) 555-0100","extension":null,"mobile":null,"email":null,"photo":null,"notes":null,"mgrId":1,"photoPath":null,"postalCode":"10001","region":"WA","lastname":"Funk","firstname":"Don","title":"Vice President, Sales","titleOfCourtesy":"Dr.","birthDate":"1962-02-18T16:30:00.000Z","hireDate":"2002-08-13T17:00:00.000Z","address":"9012 W. Capital Way","city":"Tacoma"}]},{"territoryId":"02184","territorydescription":"Braintree","employeeterritory":[{"country":"USA","phone":"(206) 555-0100","extension":null,"mobile":null,"email":null,"photo":null,"notes":null,"mgrId":1,"photoPath":null,"postalCode":"10001","region":"WA","lastname":"Funk","firstname":"Don","title":"Vice President, Sales","titleOfCourtesy":"Dr.","birthDate":"1962-02-18T16:30:00.000Z","hireDate":"2002-08-13T17:00:00.000Z","address":"9012 W. Capital Way","city":"Tacoma"}]},{"territoryId":"02903","territorydescription":"Providence","employeeterritory":[{"country":"UK","phone":"(71) 234-5678","extension":null,"mobile":null,"email":null,"photo":null,"notes":null,"mgrId":2,"photoPath":null,"postalCode":"10004","region":null,"lastname":"Buck","firstname":"Sven","title":"Sales Manager","titleOfCourtesy":"Mr.","birthDate":"1965-03-03T17:00:00.000Z","hireDate":"2003-10-16T17:00:00.000Z","address":"8901 Garrett Hill","city":"London"}]},{"territoryId":"06897","territorydescription":"Wilton","employeeterritory":[{"country":"USA","phone":"(206) 555-0101","extension":null,"mobile":null,"email":null,"photo":null,"notes":null,"mgrId":null,"photoPath":null,"postalCode":"10003","region":"WA","lastname":"Davis","firstname":"Sara","title":"CEO","titleOfCourtesy":"Ms.","birthDate":"1958-12-07T16:30:00.000Z","hireDate":"2002-04-30T17:00:00.000Z","address":"7890 - 20th Ave. E., Apt. 2A","city":"Seattle"}]},{"territoryId":"07960","territorydescription":"Morristown","employeeterritory":[{"country":"UK","phone":"(71) 234-5678","extension":null,"mobile":null,"email":null,"photo":null,"notes":null,"mgrId":2,"photoPath":null,"postalCode":"10004","region":null,"lastname":"Buck","firstname":"Sven","title":"Sales Manager","titleOfCourtesy":"Mr.","birthDate":"1965-03-03T17:00:00.000Z","hireDate":"2003-10-16T17:00:00.000Z","address":"8901 Garrett Hill","city":"London"}]},{"territoryId":"08837","territorydescription":"Edison","employeeterritory":[{"country":"UK","phone":"(71) 234-5678","extension":null,"mobile":null,"email":null,"photo":null,"notes":null,"mgrId":2,"photoPath":null,"postalCode":"10004","region":null,"lastname":"Buck","firstname":"Sven","title":"Sales Manager","titleOfCourtesy":"Mr.","birthDate":"1965-03-03T17:00:00.000Z","hireDate":"2003-10-16T17:00:00.000Z","address":"8901 Garrett Hill","city":"London"}]},{"territoryId":"10019","territorydescription":"New York","employeeterritory":[{"country":"UK","phone":"(71) 234-5678","extension":null,"mobile":null,"email":null,"photo":null,"notes":null,"mgrId":2,"photoPath":null,"postalCode":"10004","region":null,"lastname":"Buck","firstname":"Sven","title":"Sales Manager","titleOfCourtesy":"Mr.","birthDate":"1965-03-03T17:00:00.000Z","hireDate":"2003-10-16T17:00:00.000Z","address":"8901 Garrett Hill","city":"London"}]},{"territoryId":"10038","territorydescription":"New York","employeeterritory":[{"country":"UK","phone":"(71) 234-5678","extension":null,"mobile":null,"email":null,"photo":null,"notes":null,"mgrId":2,"photoPath":null,"postalCode":"10004","region":null,"lastname":"Buck","firstname":"Sven","title":"Sales Manager","titleOfCourtesy":"Mr.","birthDate":"1965-03-03T17:00:00.000Z","hireDate":"2003-10-16T17:00:00.000Z","address":"8901 Garrett Hill","city":"London"}]},{"territoryId":"11747","territorydescription":"Mellvile","employeeterritory":[{"country":"UK","phone":"(71) 234-5678","extension":null,"mobile":null,"email":null,"photo":null,"notes":null,"mgrId":2,"photoPath":null,"postalCode":"10004","region":null,"lastname":"Buck","firstname":"Sven","title":"Sales Manager","titleOfCourtesy":"Mr.","birthDate":"1965-03-03T17:00:00.000Z","hireDate":"2003-10-16T17:00:00.000Z","address":"8901 Garrett Hill","city":"London"}]},{"territoryId":"14450","territorydescription":"Fairport","employeeterritory":[{"country":"UK","phone":"(71) 234-5678","extension":null,"mobile":null,"email":null,"photo":null,"notes":null,"mgrId":2,"photoPath":null,"postalCode":"10004","region":null,"lastname":"Buck","firstname":"Sven","title":"Sales Manager","titleOfCourtesy":"Mr.","birthDate":"1965-03-03T17:00:00.000Z","hireDate":"2003-10-16T17:00:00.000Z","address":"8901 Garrett Hill","city":"London"}]},{"territoryId":"19713","territorydescription":"Neward","employeeterritory":[{"country":"USA","phone":"(206) 555-0101","extension":null,"mobile":null,"email":null,"photo":null,"notes":null,"mgrId":null,"photoPath":null,"postalCode":"10003","region":"WA","lastname":"Davis","firstname":"Sara","title":"CEO","titleOfCourtesy":"Ms.","birthDate":"1958-12-07T16:30:00.000Z","hireDate":"2002-04-30T17:00:00.000Z","address":"7890 - 20th Ave. E., Apt. 2A","city":"Seattle"}]},{"territoryId":"20852","territorydescription":"Rockville","employeeterritory":[{"country":"USA","phone":"(206) 555-0104","extension":null,"mobile":null,"email":null,"photo":null,"notes":null,"mgrId":3,"photoPath":null,"postalCode":"10009","region":"WA","lastname":"Peled","firstname":"Yael","title":"Sales Representative","titleOfCourtesy":"Mrs.","birthDate":"1947-09-18T16:30:00.000Z","hireDate":"2003-05-02T17:00:00.000Z","address":"5678 Old Redmond Rd.","city":"Redmond"}]},{"territoryId":"27403","territorydescription":"Greensboro","employeeterritory":[{"country":"USA","phone":"(206) 555-0104","extension":null,"mobile":null,"email":null,"photo":null,"notes":null,"mgrId":3,"photoPath":null,"postalCode":"10009","region":"WA","lastname":"Peled","firstname":"Yael","title":"Sales Representative","titleOfCourtesy":"Mrs.","birthDate":"1947-09-18T16:30:00.000Z","hireDate":"2003-05-02T17:00:00.000Z","address":"5678 Old Redmond Rd.","city":"Redmond"}]},{"territoryId":"27511","territorydescription":"Cary","employeeterritory":[{"country":"USA","phone":"(206) 555-0104","extension":null,"mobile":null,"email":null,"photo":null,"notes":null,"mgrId":3,"photoPath":null,"postalCode":"10009","region":"WA","lastname":"Peled","firstname":"Yael","title":"Sales Representative","titleOfCourtesy":"Mrs.","birthDate":"1947-09-18T16:30:00.000Z","hireDate":"2003-05-02T17:00:00.000Z","address":"5678 Old Redmond Rd.","city":"Redmond"}]},{"territoryId":"40222","territorydescription":"Louisville","employeeterritory":[{"country":"USA","phone":"(206) 555-0100","extension":null,"mobile":null,"email":null,"photo":null,"notes":null,"mgrId":1,"photoPath":null,"postalCode":"10001","region":"WA","lastname":"Funk","firstname":"Don","title":"Vice President, Sales","titleOfCourtesy":"Dr.","birthDate":"1962-02-18T16:30:00.000Z","hireDate":"2002-08-13T17:00:00.000Z","address":"9012 W. Capital Way","city":"Tacoma"}]}]},{"regiondescription":"Western","regionId":2,"territory":[{"territoryId":"60179","territorydescription":"Hoffman Estates","employeeterritory":[{"country":"UK","phone":"(71) 123-4567","extension":null,"mobile":null,"email":null,"photo":null,"notes":null,"mgrId":5,"photoPath":null,"postalCode":"10002","region":null,"lastname":"King","firstname":"Russell","title":"Sales Representative","titleOfCourtesy":"Mr.","birthDate":"1970-05-28T17:00:00.000Z","hireDate":"2004-01-01T17:00:00.000Z","address":"6789 Edgeham Hollow, Winchester Way","city":"London"}]},{"territoryId":"60601","territorydescription":"Chicago","employeeterritory":[{"country":"UK","phone":"(71) 123-4567","extension":null,"mobile":null,"email":null,"photo":null,"notes":null,"mgrId":5,"photoPath":null,"postalCode":"10002","region":null,"lastname":"King","firstname":"Russell","title":"Sales Representative","titleOfCourtesy":"Mr.","birthDate":"1970-05-28T17:00:00.000Z","hireDate":"2004-01-01T17:00:00.000Z","address":"6789 Edgeham Hollow, Winchester Way","city":"London"}]},{"territoryId":"80202","territorydescription":"Denver","employeeterritory":[{"country":"UK","phone":"(71) 123-4567","extension":null,"mobile":null,"email":null,"photo":null,"notes":null,"mgrId":5,"photoPath":null,"postalCode":"10002","region":null,"lastname":"King","firstname":"Russell","title":"Sales Representative","titleOfCourtesy":"Mr.","birthDate":"1970-05-28T17:00:00.000Z","hireDate":"2004-01-01T17:00:00.000Z","address":"6789 Edgeham Hollow, Winchester Way","city":"London"}]},{"territoryId":"80909","territorydescription":"Colorado Springs","employeeterritory":[{"country":"UK","phone":"(71) 123-4567","extension":null,"mobile":null,"email":null,"photo":null,"notes":null,"mgrId":5,"photoPath":null,"postalCode":"10002","region":null,"lastname":"King","firstname":"Russell","title":"Sales Representative","titleOfCourtesy":"Mr.","birthDate":"1970-05-28T17:00:00.000Z","hireDate":"2004-01-01T17:00:00.000Z","address":"6789 Edgeham Hollow, Winchester Way","city":"London"}]},{"territoryId":"85014","territorydescription":"Phoenix","employeeterritory":[{"country":"UK","phone":"(71) 345-6789","extension":null,"mobile":null,"email":null,"photo":null,"notes":null,"mgrId":5,"photoPath":null,"postalCode":"10005","region":null,"lastname":"Suurs","firstname":"Paul","title":"Sales Representative","titleOfCourtesy":"Mr.","birthDate":"1973-07-01T17:00:00.000Z","hireDate":"2003-10-16T17:00:00.000Z","address":"3456 Coventry House, Miner Rd.","city":"London"}]},{"territoryId":"85251","territorydescription":"Scottsdale","employeeterritory":[{"country":"UK","phone":"(71) 345-6789","extension":null,"mobile":null,"email":null,"photo":null,"notes":null,"mgrId":5,"photoPath":null,"postalCode":"10005","region":null,"lastname":"Suurs","firstname":"Paul","title":"Sales Representative","titleOfCourtesy":"Mr.","birthDate":"1973-07-01T17:00:00.000Z","hireDate":"2003-10-16T17:00:00.000Z","address":"3456 Coventry House, Miner Rd.","city":"London"}]},{"territoryId":"90405","territorydescription":"Santa Monica","employeeterritory":[{"country":"UK","phone":"(71) 123-4567","extension":null,"mobile":null,"email":null,"photo":null,"notes":null,"mgrId":5,"photoPath":null,"postalCode":"10002","region":null,"lastname":"King","firstname":"Russell","title":"Sales Representative","titleOfCourtesy":"Mr.","birthDate":"1970-05-28T17:00:00.000Z","hireDate":"2004-01-01T17:00:00.000Z","address":"6789 Edgeham Hollow, Winchester Way","city":"London"}]},{"territoryId":"94025","territorydescription":"Menlo Park","employeeterritory":[{"country":"UK","phone":"(71) 123-4567","extension":null,"mobile":null,"email":null,"photo":null,"notes":null,"mgrId":5,"photoPath":null,"postalCode":"10002","region":null,"lastname":"King","firstname":"Russell","title":"Sales Representative","titleOfCourtesy":"Mr.","birthDate":"1970-05-28T17:00:00.000Z","hireDate":"2004-01-01T17:00:00.000Z","address":"6789 Edgeham Hollow, Winchester Way","city":"London"}]},{"territoryId":"94105","territorydescription":"San Francisco","employeeterritory":[{"country":"UK","phone":"(71) 123-4567","extension":null,"mobile":null,"email":null,"photo":null,"notes":null,"mgrId":5,"photoPath":null,"postalCode":"10002","region":null,"lastname":"King","firstname":"Russell","title":"Sales Representative","titleOfCourtesy":"Mr.","birthDate":"1970-05-28T17:00:00.000Z","hireDate":"2004-01-01T17:00:00.000Z","address":"6789 Edgeham Hollow, Winchester Way","city":"London"}]},{"territoryId":"95008","territorydescription":"Campbell","employeeterritory":[{"country":"UK","phone":"(71) 123-4567","extension":null,"mobile":null,"email":null,"photo":null,"notes":null,"mgrId":5,"photoPath":null,"postalCode":"10002","region":null,"lastname":"King","firstname":"Russell","title":"Sales Representative","titleOfCourtesy":"Mr.","birthDate":"1970-05-28T17:00:00.000Z","hireDate":"2004-01-01T17:00:00.000Z","address":"6789 Edgeham Hollow, Winchester Way","city":"London"}]},{"territoryId":"95054","territorydescription":"Santa Clara","employeeterritory":[{"country":"UK","phone":"(71) 123-4567","extension":null,"mobile":null,"email":null,"photo":null,"notes":null,"mgrId":5,"photoPath":null,"postalCode":"10002","region":null,"lastname":"King","firstname":"Russell","title":"Sales Representative","titleOfCourtesy":"Mr.","birthDate":"1970-05-28T17:00:00.000Z","hireDate":"2004-01-01T17:00:00.000Z","address":"6789 Edgeham Hollow, Winchester Way","city":"London"}]},{"territoryId":"95060","territorydescription":"Santa Cruz","employeeterritory":[{"country":"UK","phone":"(71) 123-4567","extension":null,"mobile":null,"email":null,"photo":null,"notes":null,"mgrId":5,"photoPath":null,"postalCode":"10002","region":null,"lastname":"King","firstname":"Russell","title":"Sales Representative","titleOfCourtesy":"Mr.","birthDate":"1970-05-28T17:00:00.000Z","hireDate":"2004-01-01T17:00:00.000Z","address":"6789 Edgeham Hollow, Winchester Way","city":"London"}]},{"territoryId":"98004","territorydescription":"Bellevue","employeeterritory":[{"country":"UK","phone":"(71) 345-6789","extension":null,"mobile":null,"email":null,"photo":null,"notes":null,"mgrId":5,"photoPath":null,"postalCode":"10005","region":null,"lastname":"Suurs","firstname":"Paul","title":"Sales Representative","titleOfCourtesy":"Mr.","birthDate":"1973-07-01T17:00:00.000Z","hireDate":"2003-10-16T17:00:00.000Z","address":"3456 Coventry House, Miner Rd.","city":"London"}]},{"territoryId":"98052","territorydescription":"Redmond","employeeterritory":[{"country":"UK","phone":"(71) 345-6789","extension":null,"mobile":null,"email":null,"photo":null,"notes":null,"mgrId":5,"photoPath":null,"postalCode":"10005","region":null,"lastname":"Suurs","firstname":"Paul","title":"Sales Representative","titleOfCourtesy":"Mr.","birthDate":"1973-07-01T17:00:00.000Z","hireDate":"2003-10-16T17:00:00.000Z","address":"3456 Coventry House, Miner Rd.","city":"London"}]},{"territoryId":"98104","territorydescription":"Seattle","employeeterritory":[{"country":"UK","phone":"(71) 345-6789","extension":null,"mobile":null,"email":null,"photo":null,"notes":null,"mgrId":5,"photoPath":null,"postalCode":"10005","region":null,"lastname":"Suurs","firstname":"Paul","title":"Sales Representative","titleOfCourtesy":"Mr.","birthDate":"1973-07-01T17:00:00.000Z","hireDate":"2003-10-16T17:00:00.000Z","address":"3456 Coventry House, Miner Rd.","city":"London"}]}]},{"regiondescription":"Northern","regionId":3,"territory":[{"territoryId":"03049","territorydescription":"Hollis","employeeterritory":[{"country":"UK","phone":"(71) 456-7890","extension":null,"mobile":null,"email":null,"photo":null,"notes":null,"mgrId":5,"photoPath":null,"postalCode":"10008","region":null,"lastname":"Dolgopyatova","firstname":"Zoya","title":"Sales Representative","titleOfCourtesy":"Ms.","birthDate":"1976-01-26T17:00:00.000Z","hireDate":"2004-11-14T17:00:00.000Z","address":"1234 Houndstooth Rd.","city":"London"}]},{"territoryId":"03801","territorydescription":"Portsmouth","employeeterritory":[{"country":"UK","phone":"(71) 456-7890","extension":null,"mobile":null,"email":null,"photo":null,"notes":null,"mgrId":5,"photoPath":null,"postalCode":"10008","region":null,"lastname":"Dolgopyatova","firstname":"Zoya","title":"Sales Representative","titleOfCourtesy":"Ms.","birthDate":"1976-01-26T17:00:00.000Z","hireDate":"2004-11-14T17:00:00.000Z","address":"1234 Houndstooth Rd.","city":"London"}]},{"territoryId":"19428","territorydescription":"Philadelphia","employeeterritory":[{"country":"USA","phone":"(206) 555-0102","extension":null,"mobile":null,"email":null,"photo":null,"notes":null,"mgrId":3,"photoPath":null,"postalCode":"10006","region":"WA","lastname":"Cameron","firstname":"Maria","title":"Sales Representative","titleOfCourtesy":"Ms.","birthDate":"1968-01-08T17:00:00.000Z","hireDate":"2004-03-04T17:00:00.000Z","address":"4567 - 11th Ave. N.E.","city":"Seattle"}]},{"territoryId":"44122","territorydescription":"Beachwood","employeeterritory":[{"country":"USA","phone":"(206) 555-0102","extension":null,"mobile":null,"email":null,"photo":null,"notes":null,"mgrId":3,"photoPath":null,"postalCode":"10006","region":"WA","lastname":"Cameron","firstname":"Maria","title":"Sales Representative","titleOfCourtesy":"Ms.","birthDate":"1968-01-08T17:00:00.000Z","hireDate":"2004-03-04T17:00:00.000Z","address":"4567 - 11th Ave. N.E.","city":"Seattle"}]},{"territoryId":"45839","territorydescription":"Findlay","employeeterritory":[{"country":"USA","phone":"(206) 555-0102","extension":null,"mobile":null,"email":null,"photo":null,"notes":null,"mgrId":3,"photoPath":null,"postalCode":"10006","region":"WA","lastname":"Cameron","firstname":"Maria","title":"Sales Representative","titleOfCourtesy":"Ms.","birthDate":"1968-01-08T17:00:00.000Z","hireDate":"2004-03-04T17:00:00.000Z","address":"4567 - 11th Ave. N.E.","city":"Seattle"}]},{"territoryId":"48075","territorydescription":"Southfield","employeeterritory":[{"country":"UK","phone":"(71) 456-7890","extension":null,"mobile":null,"email":null,"photo":null,"notes":null,"mgrId":5,"photoPath":null,"postalCode":"10008","region":null,"lastname":"Dolgopyatova","firstname":"Zoya","title":"Sales Representative","titleOfCourtesy":"Ms.","birthDate":"1976-01-26T17:00:00.000Z","hireDate":"2004-11-14T17:00:00.000Z","address":"1234 Houndstooth Rd.","city":"London"}]},{"territoryId":"48084","territorydescription":"Troy","employeeterritory":[{"country":"UK","phone":"(71) 456-7890","extension":null,"mobile":null,"email":null,"photo":null,"notes":null,"mgrId":5,"photoPath":null,"postalCode":"10008","region":null,"lastname":"Dolgopyatova","firstname":"Zoya","title":"Sales Representative","titleOfCourtesy":"Ms.","birthDate":"1976-01-26T17:00:00.000Z","hireDate":"2004-11-14T17:00:00.000Z","address":"1234 Houndstooth Rd.","city":"London"}]},{"territoryId":"48304","territorydescription":"Bloomfield Hills","employeeterritory":[{"country":"UK","phone":"(71) 456-7890","extension":null,"mobile":null,"email":null,"photo":null,"notes":null,"mgrId":5,"photoPath":null,"postalCode":"10008","region":null,"lastname":"Dolgopyatova","firstname":"Zoya","title":"Sales Representative","titleOfCourtesy":"Ms.","birthDate":"1976-01-26T17:00:00.000Z","hireDate":"2004-11-14T17:00:00.000Z","address":"1234 Houndstooth Rd.","city":"London"}]},{"territoryId":"53404","territorydescription":"Racine","employeeterritory":[{"country":"USA","phone":"(206) 555-0102","extension":null,"mobile":null,"email":null,"photo":null,"notes":null,"mgrId":3,"photoPath":null,"postalCode":"10006","region":"WA","lastname":"Cameron","firstname":"Maria","title":"Sales Representative","titleOfCourtesy":"Ms.","birthDate":"1968-01-08T17:00:00.000Z","hireDate":"2004-03-04T17:00:00.000Z","address":"4567 - 11th Ave. N.E.","city":"Seattle"}]},{"territoryId":"55113","territorydescription":"Roseville","employeeterritory":[{"country":"UK","phone":"(71) 456-7890","extension":null,"mobile":null,"email":null,"photo":null,"notes":null,"mgrId":5,"photoPath":null,"postalCode":"10008","region":null,"lastname":"Dolgopyatova","firstname":"Zoya","title":"Sales Representative","titleOfCourtesy":"Ms.","birthDate":"1976-01-26T17:00:00.000Z","hireDate":"2004-11-14T17:00:00.000Z","address":"1234 Houndstooth Rd.","city":"London"}]},{"territoryId":"55439","territorydescription":"Minneapolis","employeeterritory":[{"country":"UK","phone":"(71) 456-7890","extension":null,"mobile":null,"email":null,"photo":null,"notes":null,"mgrId":5,"photoPath":null,"postalCode":"10008","region":null,"lastname":"Dolgopyatova","firstname":"Zoya","title":"Sales Representative","titleOfCourtesy":"Ms.","birthDate":"1976-01-26T17:00:00.000Z","hireDate":"2004-11-14T17:00:00.000Z","address":"1234 Houndstooth Rd.","city":"London"}]}]},{"regiondescription":"Southern","regionId":4,"territory":[{"territoryId":"29202","territorydescription":"Columbia"},{"territoryId":"30346","territorydescription":"Atlanta","employeeterritory":[{"country":"USA","phone":"(206) 555-0103","extension":null,"mobile":null,"email":null,"photo":null,"notes":null,"mgrId":2,"photoPath":null,"postalCode":"10007","region":"WA","lastname":"Lew","firstname":"Judy","title":"Sales Manager","titleOfCourtesy":"Ms.","birthDate":"1973-08-29T17:00:00.000Z","hireDate":"2002-03-31T17:00:00.000Z","address":"2345 Moss Bay Blvd.","city":"Kirkland"}]},{"territoryId":"31406","territorydescription":"Savannah","employeeterritory":[{"country":"USA","phone":"(206) 555-0103","extension":null,"mobile":null,"email":null,"photo":null,"notes":null,"mgrId":2,"photoPath":null,"postalCode":"10007","region":"WA","lastname":"Lew","firstname":"Judy","title":"Sales Manager","titleOfCourtesy":"Ms.","birthDate":"1973-08-29T17:00:00.000Z","hireDate":"2002-03-31T17:00:00.000Z","address":"2345 Moss Bay Blvd.","city":"Kirkland"}]},{"territoryId":"32859","territorydescription":"Orlando","employeeterritory":[{"country":"USA","phone":"(206) 555-0103","extension":null,"mobile":null,"email":null,"photo":null,"notes":null,"mgrId":2,"photoPath":null,"postalCode":"10007","region":"WA","lastname":"Lew","firstname":"Judy","title":"Sales Manager","titleOfCourtesy":"Ms.","birthDate":"1973-08-29T17:00:00.000Z","hireDate":"2002-03-31T17:00:00.000Z","address":"2345 Moss Bay Blvd.","city":"Kirkland"}]},{"territoryId":"33607","territorydescription":"Tampa","employeeterritory":[{"country":"USA","phone":"(206) 555-0103","extension":null,"mobile":null,"email":null,"photo":null,"notes":null,"mgrId":2,"photoPath":null,"postalCode":"10007","region":"WA","lastname":"Lew","firstname":"Judy","title":"Sales Manager","titleOfCourtesy":"Ms.","birthDate":"1973-08-29T17:00:00.000Z","hireDate":"2002-03-31T17:00:00.000Z","address":"2345 Moss Bay Blvd.","city":"Kirkland"}]},{"territoryId":"72716","territorydescription":"Bentonville"},{"territoryId":"75234","territorydescription":"Dallas"},{"territoryId":"78759","territorydescription":"Austin"}]}]